ID,Default
22501,0
22502,0
22503,0
22504,0
22505,0
22506,1
22507,1
22508,0
22509,0
22510,1
22511,0
22512,1
22513,1
22514,0
22515,0
22516,1
22517,1
22518,0
22519,0
22520,1
22521,1
22522,1
22523,1
22524,0
22525,0
22526,0
22527,0
22528,0
22529,0
22530,0
22531,0
22532,0
22533,0
22534,0
22535,1
22536,0
22537,1
22538,0
22539,0
22540,1
22541,0
22542,0
22543,0
22544,0
22545,0
22546,0
22547,0
22548,0
22549,0
22550,0
22551,0
22552,0
22553,0
22554,0
22555,0
22556,0
22557,0
22558,0
22559,0
22560,1
22561,0
22562,0
22563,0
22564,0
22565,0
22566,0
22567,0
22568,0
22569,1
22570,0
22571,0
22572,0
22573,1
22574,0
22575,0
22576,0
22577,0
22578,0
22579,0
22580,0
22581,0
22582,1
22583,1
22584,0
22585,1
22586,0
22587,0
22588,0
22589,0
22590,0
22591,0
22592,0
22593,1
22594,0
22595,0
22596,0
22597,0
22598,0
22599,0
22600,0
22601,1
22602,0
22603,1
22604,0
22605,0
22606,0
22607,1
22608,0
22609,0
22610,0
22611,0
22612,0
22613,1
22614,0
22615,0
22616,0
22617,1
22618,1
22619,0
22620,0
22621,0
22622,0
22623,0
22624,1
22625,0
22626,0
22627,0
22628,0
22629,0
22630,0
22631,1
22632,0
22633,0
22634,0
22635,0
22636,1
22637,1
22638,1
22639,0
22640,0
22641,0
22642,1
22643,0
22644,0
22645,0
22646,0
22647,1
22648,0
22649,0
22650,0
22651,0
22652,0
22653,0
22654,0
22655,0
22656,0
22657,0
22658,0
22659,0
22660,0
22661,0
22662,1
22663,0
22664,0
22665,0
22666,0
22667,0
22668,0
22669,0
22670,0
22671,0
22672,1
22673,0
22674,0
22675,0
22676,1
22677,0
22678,0
22679,0
22680,0
22681,0
22682,0
22683,0
22684,0
22685,0
22686,0
22687,0
22688,0
22689,0
22690,0
22691,0
22692,0
22693,0
22694,0
22695,1
22696,1
22697,0
22698,0
22699,0
22700,0
22701,0
22702,0
22703,0
22704,1
22705,0
22706,0
22707,0
22708,0
22709,0
22710,0
22711,0
22712,0
22713,0
22714,0
22715,0
22716,1
22717,0
22718,0
22719,0
22720,0
22721,0
22722,0
22723,0
22724,1
22725,1
22726,0
22727,1
22728,0
22729,0
22730,0
22731,0
22732,0
22733,0
22734,0
22735,1
22736,0
22737,0
22738,1
22739,0
22740,0
22741,0
22742,0
22743,1
22744,1
22745,1
22746,1
22747,0
22748,0
22749,1
22750,1
22751,0
22752,0
22753,0
22754,0
22755,0
22756,0
22757,0
22758,0
22759,0
22760,0
22761,0
22762,1
22763,0
22764,0
22765,0
22766,1
22767,0
22768,0
22769,0
22770,0
22771,0
22772,1
22773,0
22774,0
22775,0
22776,0
22777,0
22778,0
22779,0
22780,1
22781,0
22782,0
22783,1
22784,0
22785,0
22786,0
22787,1
22788,0
22789,0
22790,0
22791,0
22792,0
22793,1
22794,1
22795,0
22796,1
22797,1
22798,0
22799,0
22800,1
22801,0
22802,1
22803,0
22804,0
22805,0
22806,0
22807,0
22808,1
22809,0
22810,1
22811,0
22812,1
22813,0
22814,0
22815,0
22816,0
22817,0
22818,0
22819,0
22820,0
22821,0
22822,0
22823,0
22824,0
22825,1
22826,0
22827,0
22828,1
22829,0
22830,0
22831,0
22832,0
22833,0
22834,1
22835,0
22836,1
22837,0
22838,0
22839,0
22840,0
22841,1
22842,0
22843,0
22844,0
22845,0
22846,0
22847,0
22848,1
22849,0
22850,0
22851,1
22852,0
22853,0
22854,0
22855,0
22856,0
22857,0
22858,0
22859,0
22860,0
22861,1
22862,1
22863,0
22864,0
22865,1
22866,0
22867,1
22868,0
22869,1
22870,1
22871,0
22872,0
22873,0
22874,0
22875,0
22876,0
22877,0
22878,0
22879,0
22880,0
22881,0
22882,1
22883,0
22884,0
22885,1
22886,0
22887,0
22888,1
22889,0
22890,1
22891,0
22892,0
22893,0
22894,0
22895,0
22896,0
22897,0
22898,0
22899,0
22900,0
22901,0
22902,1
22903,0
22904,0
22905,0
22906,0
22907,0
22908,0
22909,0
22910,1
22911,1
22912,1
22913,0
22914,0
22915,0
22916,0
22917,0
22918,0
22919,0
22920,0
22921,0
22922,0
22923,0
22924,1
22925,0
22926,1
22927,0
22928,1
22929,0
22930,0
22931,1
22932,0
22933,1
22934,0
22935,1
22936,0
22937,0
22938,0
22939,0
22940,0
22941,0
22942,1
22943,0
22944,0
22945,0
22946,0
22947,1
22948,0
22949,1
22950,0
22951,0
22952,0
22953,0
22954,0
22955,0
22956,0
22957,1
22958,1
22959,0
22960,0
22961,0
22962,0
22963,0
22964,0
22965,0
22966,0
22967,0
22968,0
22969,1
22970,0
22971,0
22972,0
22973,0
22974,1
22975,0
22976,0
22977,0
22978,1
22979,0
22980,0
22981,1
22982,0
22983,0
22984,1
22985,0
22986,0
22987,0
22988,0
22989,0
22990,0
22991,0
22992,0
22993,0
22994,1
22995,0
22996,0
22997,0
22998,0
22999,0
23000,0
23001,0
23002,0
23003,0
23004,0
23005,0
23006,0
23007,0
23008,0
23009,0
23010,0
23011,0
23012,0
23013,0
23014,0
23015,0
23016,0
23017,0
23018,0
23019,0
23020,0
23021,0
23022,1
23023,0
23024,0
23025,0
23026,1
23027,0
23028,0
23029,1
23030,0
23031,0
23032,0
23033,1
23034,1
23035,0
23036,1
23037,0
23038,0
23039,0
23040,0
23041,0
23042,0
23043,0
23044,0
23045,0
23046,0
23047,1
23048,0
23049,0
23050,0
23051,0
23052,0
23053,0
23054,0
23055,1
23056,0
23057,1
23058,0
23059,0
23060,0
23061,0
23062,0
23063,0
23064,0
23065,0
23066,0
23067,0
23068,0
23069,0
23070,1
23071,0
23072,0
23073,0
23074,1
23075,0
23076,0
23077,0
23078,0
23079,0
23080,1
23081,0
23082,0
23083,0
23084,0
23085,0
23086,0
23087,0
23088,0
23089,0
23090,0
23091,0
23092,0
23093,0
23094,1
23095,1
23096,0
23097,0
23098,1
23099,0
23100,0
23101,0
23102,0
23103,0
23104,1
23105,0
23106,0
23107,0
23108,1
23109,1
23110,0
23111,0
23112,0
23113,1
23114,0
23115,0
23116,1
23117,1
23118,1
23119,0
23120,0
23121,1
23122,0
23123,0
23124,1
23125,1
23126,0
23127,1
23128,1
23129,0
23130,0
23131,0
23132,0
23133,1
23134,0
23135,0
23136,0
23137,0
23138,0
23139,0
23140,0
23141,1
23142,0
23143,0
23144,0
23145,0
23146,1
23147,1
23148,0
23149,0
23150,0
23151,1
23152,0
23153,0
23154,0
23155,0
23156,0
23157,0
23158,0
23159,1
23160,0
23161,0
23162,1
23163,1
23164,0
23165,0
23166,0
23167,0
23168,0
23169,0
23170,0
23171,0
23172,0
23173,0
23174,0
23175,0
23176,0
23177,1
23178,0
23179,0
23180,0
23181,1
23182,0
23183,0
23184,0
23185,0
23186,0
23187,1
23188,0
23189,0
23190,0
23191,0
23192,0
23193,0
23194,0
23195,1
23196,0
23197,0
23198,1
23199,1
23200,0
23201,1
23202,0
23203,0
23204,0
23205,0
23206,0
23207,0
23208,0
23209,0
23210,0
23211,0
23212,0
23213,0
23214,1
23215,1
23216,0
23217,0
23218,0
23219,0
23220,0
23221,0
23222,0
23223,0
23224,0
23225,1
23226,1
23227,0
23228,0
23229,0
23230,1
23231,0
23232,1
23233,0
23234,0
23235,0
23236,1
23237,0
23238,0
23239,0
23240,0
23241,1
23242,0
23243,0
23244,0
23245,0
23246,0
23247,0
23248,1
23249,0
23250,1
23251,1
23252,0
23253,0
23254,0
23255,0
23256,0
23257,1
23258,0
23259,0
23260,0
23261,0
23262,0
23263,0
23264,1
23265,0
23266,0
23267,0
23268,0
23269,0
23270,0
23271,0
23272,0
23273,0
23274,1
23275,0
23276,0
23277,0
23278,0
23279,0
23280,0
23281,0
23282,0
23283,0
23284,0
23285,0
23286,0
23287,0
23288,1
23289,0
23290,0
23291,1
23292,1
23293,1
23294,0
23295,1
23296,0
23297,0
23298,0
23299,1
23300,0
23301,0
23302,0
23303,0
23304,0
23305,0
23306,0
23307,0
23308,1
23309,0
23310,0
23311,1
23312,0
23313,0
23314,0
23315,0
23316,0
23317,0
23318,1
23319,0
23320,0
23321,0
23322,0
23323,1
23324,0
23325,1
23326,1
23327,0
23328,1
23329,0
23330,1
23331,0
23332,0
23333,0
23334,0
23335,0
23336,0
23337,1
23338,1
23339,0
23340,1
23341,0
23342,0
23343,1
23344,0
23345,0
23346,0
23347,0
23348,1
23349,0
23350,0
23351,1
23352,0
23353,1
23354,0
23355,0
23356,0
23357,0
23358,1
23359,1
23360,0
23361,1
23362,1
23363,1
23364,0
23365,0
23366,0
23367,0
23368,1
23369,0
23370,0
23371,0
23372,0
23373,1
23374,0
23375,0
23376,0
23377,0
23378,0
23379,0
23380,0
23381,0
23382,0
23383,0
23384,0
23385,1
23386,0
23387,0
23388,1
23389,0
23390,0
23391,1
23392,0
23393,0
23394,0
23395,0
23396,0
23397,0
23398,0
23399,1
23400,0
23401,0
23402,0
23403,0
23404,0
23405,1
23406,0
23407,0
23408,0
23409,0
23410,0
23411,0
23412,0
23413,0
23414,0
23415,0
23416,0
23417,0
23418,0
23419,0
23420,0
23421,0
23422,0
23423,0
23424,1
23425,1
23426,0
23427,0
23428,0
23429,0
23430,0
23431,0
23432,0
23433,0
23434,0
23435,1
23436,1
23437,0
23438,1
23439,0
23440,1
23441,0
23442,1
23443,0
23444,0
23445,0
23446,1
23447,0
23448,1
23449,0
23450,0
23451,0
23452,0
23453,0
23454,0
23455,0
23456,1
23457,0
23458,0
23459,1
23460,0
23461,0
23462,0
23463,1
23464,0
23465,0
23466,0
23467,1
23468,1
23469,0
23470,1
23471,0
23472,0
23473,0
23474,0
23475,1
23476,0
23477,0
23478,1
23479,0
23480,1
23481,0
23482,0
23483,0
23484,0
23485,0
23486,0
23487,0
23488,0
23489,0
23490,1
23491,1
23492,0
23493,0
23494,0
23495,0
23496,0
23497,0
23498,1
23499,0
23500,1
23501,1
23502,1
23503,0
23504,0
23505,1
23506,0
23507,0
23508,0
23509,0
23510,0
23511,0
23512,0
23513,0
23514,0
23515,0
23516,0
23517,0
23518,0
23519,0
23520,0
23521,0
23522,0
23523,0
23524,0
23525,1
23526,1
23527,0
23528,0
23529,0
23530,0
23531,0
23532,0
23533,1
23534,0
23535,0
23536,0
23537,0
23538,0
23539,0
23540,0
23541,1
23542,0
23543,0
23544,1
23545,0
23546,0
23547,0
23548,0
23549,0
23550,0
23551,0
23552,0
23553,0
23554,0
23555,0
23556,0
23557,1
23558,0
23559,0
23560,0
23561,0
23562,0
23563,0
23564,0
23565,0
23566,1
23567,0
23568,0
23569,0
23570,0
23571,0
23572,0
23573,0
23574,1
23575,0
23576,0
23577,0
23578,0
23579,0
23580,0
23581,0
23582,0
23583,0
23584,0
23585,0
23586,0
23587,0
23588,1
23589,0
23590,1
23591,0
23592,1
23593,0
23594,1
23595,1
23596,1
23597,0
23598,1
23599,0
23600,0
23601,0
23602,0
23603,0
23604,0
23605,0
23606,0
23607,0
23608,0
23609,0
23610,0
23611,1
23612,0
23613,0
23614,1
23615,0
23616,0
23617,0
23618,0
23619,0
23620,0
23621,0
23622,0
23623,0
23624,1
23625,0
23626,1
23627,0
23628,0
23629,1
23630,0
23631,0
23632,1
23633,1
23634,0
23635,0
23636,0
23637,1
23638,1
23639,1
23640,1
23641,0
23642,0
23643,0
23644,1
23645,1
23646,0
23647,0
23648,1
23649,1
23650,1
23651,0
23652,1
23653,0
23654,1
23655,0
23656,0
23657,0
23658,1
23659,0
23660,0
23661,0
23662,0
23663,0
23664,0
23665,0
23666,0
23667,0
23668,1
23669,1
23670,0
23671,0
23672,0
23673,1
23674,0
23675,0
23676,1
23677,0
23678,0
23679,0
23680,1
23681,1
23682,1
23683,0
23684,0
23685,1
23686,1
23687,0
23688,1
23689,0
23690,0
23691,1
23692,0
23693,0
23694,1
23695,0
23696,0
23697,1
23698,1
23699,0
23700,0
23701,0
23702,0
23703,0
23704,0
23705,0
23706,0
23707,0
23708,0
23709,0
23710,1
23711,0
23712,0
23713,0
23714,0
23715,0
23716,1
23717,1
23718,1
23719,0
23720,0
23721,1
23722,0
23723,0
23724,0
23725,1
23726,1
23727,0
23728,0
23729,0
23730,0
23731,0
23732,0
23733,0
23734,0
23735,0
23736,0
23737,1
23738,0
23739,0
23740,1
23741,0
23742,0
23743,0
23744,0
23745,0
23746,0
23747,0
23748,0
23749,0
23750,0
23751,0
23752,0
23753,0
23754,0
23755,0
23756,0
23757,0
23758,1
23759,1
23760,1
23761,0
23762,0
23763,0
23764,0
23765,0
23766,0
23767,0
23768,0
23769,0
23770,1
23771,0
23772,0
23773,0
23774,0
23775,0
23776,0
23777,0
23778,0
23779,0
23780,0
23781,0
23782,0
23783,0
23784,0
23785,0
23786,0
23787,1
23788,1
23789,0
23790,0
23791,0
23792,0
23793,0
23794,0
23795,0
23796,0
23797,0
23798,0
23799,0
23800,0
23801,0
23802,0
23803,1
23804,0
23805,1
23806,0
23807,0
23808,0
23809,0
23810,0
23811,1
23812,0
23813,0
23814,1
23815,0
23816,0
23817,0
23818,0
23819,1
23820,0
23821,0
23822,1
23823,0
23824,1
23825,0
23826,0
23827,0
23828,0
23829,0
23830,0
23831,0
23832,0
23833,0
23834,0
23835,1
23836,0
23837,0
23838,1
23839,0
23840,0
23841,0
23842,0
23843,0
23844,0
23845,0
23846,0
23847,1
23848,1
23849,0
23850,1
23851,0
23852,0
23853,0
23854,0
23855,0
23856,1
23857,1
23858,0
23859,1
23860,0
23861,0
23862,0
23863,0
23864,0
23865,1
23866,0
23867,1
23868,0
23869,1
23870,0
23871,0
23872,0
23873,0
23874,0
23875,0
23876,0
23877,0
23878,0
23879,0
23880,0
23881,0
23882,0
23883,0
23884,1
23885,1
23886,0
23887,0
23888,0
23889,0
23890,1
23891,0
23892,0
23893,0
23894,1
23895,0
23896,0
23897,0
23898,0
23899,0
23900,0
23901,0
23902,0
23903,1
23904,0
23905,0
23906,0
23907,1
23908,1
23909,0
23910,0
23911,0
23912,0
23913,0
23914,0
23915,1
23916,0
23917,0
23918,0
23919,1
23920,0
23921,1
23922,0
23923,1
23924,1
23925,0
23926,0
23927,0
23928,1
23929,1
23930,0
23931,0
23932,1
23933,0
23934,1
23935,1
23936,1
23937,1
23938,1
23939,1
23940,1
23941,0
23942,0
23943,1
23944,0
23945,0
23946,0
23947,1
23948,0
23949,0
23950,0
23951,0
23952,0
23953,0
23954,0
23955,0
23956,0
23957,1
23958,0
23959,0
23960,0
23961,0
23962,1
23963,0
23964,0
23965,0
23966,0
23967,0
23968,1
23969,1
23970,0
23971,0
23972,0
23973,0
23974,1
23975,0
23976,0
23977,0
23978,0
23979,0
23980,0
23981,0
23982,0
23983,1
23984,0
23985,0
23986,0
23987,1
23988,0
23989,0
23990,0
23991,0
23992,0
23993,1
23994,0
23995,0
23996,1
23997,1
23998,0
23999,0
24000,0
24001,1
24002,1
24003,0
24004,1
24005,0
24006,0
24007,0
24008,0
24009,1
24010,0
24011,0
24012,0
24013,0
24014,1
24015,0
24016,0
24017,0
24018,0
24019,0
24020,1
24021,0
24022,0
24023,0
24024,1
24025,1
24026,0
24027,0
24028,0
24029,0
24030,0
24031,1
24032,1
24033,0
24034,1
24035,1
24036,0
24037,0
24038,1
24039,1
24040,0
24041,0
24042,1
24043,0
24044,1
24045,0
24046,1
24047,1
24048,0
24049,0
24050,0
24051,0
24052,0
24053,0
24054,0
24055,0
24056,0
24057,0
24058,0
24059,0
24060,1
24061,0
24062,0
24063,0
24064,0
24065,0
24066,0
24067,0
24068,0
24069,0
24070,0
24071,0
24072,0
24073,0
24074,0
24075,0
24076,0
24077,0
24078,0
24079,0
24080,1
24081,0
24082,0
24083,0
24084,1
24085,0
24086,0
24087,0
24088,0
24089,0
24090,0
24091,0
24092,1
24093,0
24094,0
24095,1
24096,0
24097,1
24098,0
24099,0
24100,0
24101,1
24102,1
24103,0
24104,0
24105,0
24106,0
24107,1
24108,0
24109,0
24110,0
24111,0
24112,0
24113,0
24114,0
24115,0
24116,0
24117,1
24118,0
24119,0
24120,1
24121,0
24122,1
24123,0
24124,0
24125,0
24126,0
24127,0
24128,0
24129,1
24130,1
24131,0
24132,0
24133,1
24134,0
24135,0
24136,0
24137,0
24138,1
24139,0
24140,0
24141,0
24142,1
24143,0
24144,0
24145,0
24146,1
24147,0
24148,0
24149,0
24150,0
24151,0
24152,0
24153,0
24154,0
24155,0
24156,0
24157,0
24158,0
24159,0
24160,0
24161,0
24162,0
24163,0
24164,1
24165,1
24166,1
24167,1
24168,0
24169,0
24170,1
24171,1
24172,1
24173,0
24174,0
24175,0
24176,1
24177,0
24178,0
24179,0
24180,0
24181,0
24182,1
24183,0
24184,0
24185,1
24186,0
24187,0
24188,1
24189,0
24190,1
24191,0
24192,0
24193,0
24194,0
24195,0
24196,0
24197,0
24198,0
24199,0
24200,0
24201,0
24202,1
24203,0
24204,0
24205,0
24206,0
24207,0
24208,0
24209,0
24210,1
24211,0
24212,0
24213,0
24214,1
24215,0
24216,0
24217,0
24218,0
24219,1
24220,0
24221,0
24222,0
24223,0
24224,1
24225,0
24226,0
24227,0
24228,0
24229,1
24230,0
24231,0
24232,1
24233,0
24234,0
24235,0
24236,1
24237,1
24238,0
24239,1
24240,0
24241,1
24242,0
24243,0
24244,0
24245,0
24246,0
24247,0
24248,0
24249,0
24250,0
24251,0
24252,0
24253,0
24254,0
24255,0
24256,1
24257,0
24258,0
24259,0
24260,0
24261,0
24262,0
24263,1
24264,0
24265,0
24266,0
24267,0
24268,1
24269,0
24270,0
24271,1
24272,0
24273,0
24274,1
24275,0
24276,0
24277,0
24278,0
24279,0
24280,1
24281,1
24282,0
24283,1
24284,1
24285,0
24286,0
24287,0
24288,0
24289,1
24290,0
24291,0
24292,0
24293,0
24294,0
24295,0
24296,1
24297,0
24298,0
24299,0
24300,0
24301,0
24302,0
24303,0
24304,0
24305,0
24306,0
24307,0
24308,0
24309,0
24310,1
24311,0
24312,0
24313,1
24314,0
24315,0
24316,0
24317,0
24318,1
24319,0
24320,0
24321,0
24322,0
24323,0
24324,0
24325,0
24326,0
24327,0
24328,1
24329,1
24330,0
24331,1
24332,0
24333,0
24334,0
24335,1
24336,0
24337,0
24338,0
24339,0
24340,0
24341,0
24342,0
24343,1
24344,1
24345,0
24346,0
24347,1
24348,0
24349,1
24350,0
24351,1
24352,1
24353,0
24354,1
24355,0
24356,0
24357,0
24358,0
24359,0
24360,0
24361,0
24362,0
24363,1
24364,0
24365,0
24366,0
24367,0
24368,0
24369,1
24370,0
24371,0
24372,0
24373,1
24374,0
24375,0
24376,0
24377,1
24378,0
24379,0
24380,0
24381,0
24382,0
24383,1
24384,0
24385,0
24386,1
24387,0
24388,0
24389,0
24390,0
24391,0
24392,0
24393,0
24394,0
24395,0
24396,1
24397,0
24398,0
24399,0
24400,0
24401,1
24402,1
24403,0
24404,0
24405,0
24406,0
24407,0
24408,0
24409,0
24410,0
24411,0
24412,0
24413,1
24414,0
24415,0
24416,1
24417,1
24418,0
24419,0
24420,0
24421,0
24422,0
24423,0
24424,0
24425,0
24426,0
24427,0
24428,0
24429,0
24430,1
24431,0
24432,1
24433,0
24434,1
24435,1
24436,0
24437,0
24438,0
24439,0
24440,1
24441,0
24442,0
24443,0
24444,1
24445,0
24446,1
24447,1
24448,0
24449,0
24450,0
24451,1
24452,0
24453,1
24454,0
24455,0
24456,0
24457,0
24458,1
24459,0
24460,0
24461,1
24462,1
24463,0
24464,0
24465,0
24466,0
24467,0
24468,0
24469,0
24470,0
24471,1
24472,0
24473,0
24474,0
24475,1
24476,1
24477,0
24478,0
24479,0
24480,0
24481,1
24482,0
24483,1
24484,1
24485,0
24486,0
24487,1
24488,0
24489,0
24490,0
24491,0
24492,0
24493,0
24494,0
24495,1
24496,0
24497,0
24498,0
24499,1
24500,0
24501,0
24502,1
24503,0
24504,0
24505,0
24506,0
24507,0
24508,0
24509,0
24510,0
24511,1
24512,0
24513,0
24514,0
24515,0
24516,0
24517,0
24518,0
24519,0
24520,0
24521,1
24522,0
24523,1
24524,0
24525,0
24526,0
24527,0
24528,0
24529,0
24530,1
24531,0
24532,0
24533,0
24534,1
24535,1
24536,1
24537,0
24538,0
24539,0
24540,0
24541,0
24542,0
24543,0
24544,1
24545,1
24546,1
24547,0
24548,1
24549,0
24550,0
24551,0
24552,0
24553,0
24554,0
24555,0
24556,0
24557,0
24558,1
24559,0
24560,1
24561,0
24562,1
24563,0
24564,0
24565,0
24566,1
24567,0
24568,0
24569,0
24570,0
24571,0
24572,0
24573,0
24574,1
24575,1
24576,0
24577,0
24578,0
24579,0
24580,0
24581,0
24582,0
24583,0
24584,0
24585,1
24586,0
24587,0
24588,0
24589,0
24590,0
24591,1
24592,0
24593,1
24594,0
24595,0
24596,0
24597,0
24598,1
24599,0
24600,0
24601,0
24602,0
24603,1
24604,0
24605,0
24606,0
24607,0
24608,0
24609,0
24610,0
24611,0
24612,1
24613,0
24614,1
24615,0
24616,0
24617,1
24618,1
24619,0
24620,0
24621,0
24622,0
24623,0
24624,0
24625,0
24626,0
24627,0
24628,0
24629,0
24630,0
24631,0
24632,0
24633,0
24634,1
24635,1
24636,1
24637,0
24638,0
24639,0
24640,0
24641,1
24642,0
24643,0
24644,0
24645,1
24646,1
24647,0
24648,0
24649,0
24650,1
24651,0
24652,1
24653,0
24654,0
24655,0
24656,0
24657,0
24658,1
24659,0
24660,0
24661,0
24662,0
24663,0
24664,1
24665,0
24666,0
24667,1
24668,0
24669,0
24670,0
24671,1
24672,0
24673,0
24674,0
24675,0
24676,0
24677,0
24678,0
24679,0
24680,0
24681,0
24682,0
24683,0
24684,0
24685,0
24686,0
24687,0
24688,0
24689,0
24690,1
24691,0
24692,0
24693,0
24694,0
24695,0
24696,0
24697,0
24698,0
24699,1
24700,0
24701,0
24702,1
24703,1
24704,0
24705,0
24706,0
24707,0
24708,0
24709,0
24710,0
24711,0
24712,1
24713,0
24714,0
24715,1
24716,0
24717,0
24718,0
24719,0
24720,0
24721,0
24722,1
24723,0
24724,0
24725,1
24726,0
24727,0
24728,0
24729,0
24730,0
24731,0
24732,0
24733,0
24734,0
24735,0
24736,0
24737,0
24738,0
24739,0
24740,1
24741,0
24742,1
24743,0
24744,1
24745,0
24746,0
24747,0
24748,0
24749,0
24750,1
24751,1
24752,1
24753,0
24754,0
24755,0
24756,0
24757,0
24758,0
24759,0
24760,0
24761,0
24762,0
24763,0
24764,1
24765,0
24766,1
24767,0
24768,0
24769,0
24770,1
24771,0
24772,0
24773,0
24774,0
24775,1
24776,1
24777,1
24778,1
24779,0
24780,1
24781,0
24782,0
24783,1
24784,0
24785,0
24786,1
24787,1
24788,0
24789,0
24790,0
24791,0
24792,1
24793,1
24794,1
24795,0
24796,0
24797,0
24798,1
24799,1
24800,0
24801,0
24802,0
24803,1
24804,1
24805,1
24806,1
24807,0
24808,0
24809,0
24810,0
24811,0
24812,1
24813,0
24814,0
24815,0
24816,0
24817,0
24818,0
24819,0
24820,0
24821,0
24822,1
24823,0
24824,0
24825,0
24826,0
24827,0
24828,1
24829,1
24830,0
24831,0
24832,0
24833,0
24834,1
24835,0
24836,0
24837,1
24838,0
24839,0
24840,0
24841,0
24842,0
24843,1
24844,0
24845,0
24846,0
24847,0
24848,0
24849,0
24850,0
24851,0
24852,1
24853,0
24854,0
24855,0
24856,0
24857,0
24858,0
24859,0
24860,0
24861,0
24862,0
24863,0
24864,0
24865,1
24866,1
24867,0
24868,0
24869,0
24870,0
24871,0
24872,0
24873,0
24874,1
24875,0
24876,0
24877,0
24878,0
24879,0
24880,0
24881,0
24882,0
24883,0
24884,0
24885,0
24886,0
24887,0
24888,0
24889,0
24890,0
24891,1
24892,1
24893,0
24894,0
24895,0
24896,1
24897,1
24898,0
24899,0
24900,0
24901,0
24902,0
24903,0
24904,0
24905,0
24906,0
24907,0
24908,0
24909,0
24910,0
24911,0
24912,0
24913,1
24914,0
24915,0
24916,0
24917,0
24918,0
24919,1
24920,0
24921,0
24922,0
24923,0
24924,1
24925,0
24926,0
24927,1
24928,0
24929,0
24930,1
24931,0
24932,1
24933,0
24934,0
24935,0
24936,0
24937,0
24938,0
24939,0
24940,0
24941,1
24942,0
24943,1
24944,0
24945,1
24946,0
24947,0
24948,0
24949,0
24950,1
24951,0
24952,0
24953,0
24954,0
24955,0
24956,0
24957,1
24958,0
24959,0
24960,1
24961,1
24962,0
24963,0
24964,0
24965,0
24966,0
24967,0
24968,1
24969,0
24970,0
24971,0
24972,0
24973,0
24974,0
24975,0
24976,1
24977,0
24978,0
24979,1
24980,1
24981,0
24982,0
24983,0
24984,1
24985,0
24986,0
24987,1
24988,0
24989,1
24990,0
24991,0
24992,0
24993,1
24994,0
24995,0
24996,0
24997,0
24998,0
24999,1
25000,1
25001,0
25002,0
25003,0
25004,0
25005,0
25006,0
25007,0
25008,0
25009,1
25010,0
25011,1
25012,1
25013,0
25014,0
25015,0
25016,0
25017,0
25018,0
25019,0
25020,0
25021,0
25022,1
25023,0
25024,0
25025,1
25026,1
25027,0
25028,0
25029,0
25030,0
25031,0
25032,0
25033,0
25034,0
25035,1
25036,0
25037,1
25038,0
25039,0
25040,0
25041,0
25042,1
25043,0
25044,0
25045,0
25046,0
25047,1
25048,0
25049,1
25050,1
25051,0
25052,0
25053,0
25054,0
25055,0
25056,0
25057,0
25058,0
25059,0
25060,0
25061,0
25062,0
25063,0
25064,1
25065,0
25066,0
25067,0
25068,0
25069,0
25070,1
25071,0
25072,0
25073,0
25074,0
25075,0
25076,0
25077,0
25078,0
25079,1
25080,0
25081,0
25082,1
25083,1
25084,0
25085,1
25086,0
25087,0
25088,1
25089,1
25090,0
25091,0
25092,0
25093,0
25094,0
25095,0
25096,0
25097,0
25098,1
25099,0
25100,0
25101,1
25102,0
25103,1
25104,0
25105,1
25106,0
25107,0
25108,0
25109,0
25110,0
25111,0
25112,1
25113,0
25114,0
25115,0
25116,0
25117,0
25118,0
25119,0
25120,0
25121,1
25122,0
25123,0
25124,0
25125,0
25126,1
25127,1
25128,1
25129,0
25130,0
25131,0
25132,0
25133,0
25134,0
25135,0
25136,0
25137,1
25138,0
25139,0
25140,0
25141,0
25142,0
25143,0
25144,0
25145,0
25146,0
25147,1
25148,0
25149,1
25150,0
25151,0
25152,0
25153,0
25154,0
25155,0
25156,1
25157,0
25158,0
25159,0
25160,0
25161,0
25162,0
25163,0
25164,0
25165,0
25166,1
25167,0
25168,1
25169,0
25170,0
25171,0
25172,0
25173,0
25174,0
25175,1
25176,0
25177,1
25178,1
25179,0
25180,0
25181,1
25182,0
25183,0
25184,0
25185,0
25186,0
25187,0
25188,1
25189,0
25190,0
25191,1
25192,0
25193,0
25194,0
25195,0
25196,0
25197,0
25198,0
25199,0
25200,0
25201,1
25202,0
25203,0
25204,1
25205,1
25206,1
25207,0
25208,1
25209,0
25210,0
25211,1
25212,1
25213,1
25214,0
25215,0
25216,0
25217,0
25218,1
25219,1
25220,0
25221,0
25222,0
25223,1
25224,0
25225,0
25226,0
25227,0
25228,1
25229,1
25230,0
25231,0
25232,0
25233,0
25234,0
25235,0
25236,1
25237,0
25238,0
25239,0
25240,1
25241,1
25242,0
25243,1
25244,0
25245,0
25246,0
25247,0
25248,0
25249,1
25250,1
25251,0
25252,0
25253,1
25254,0
25255,0
25256,0
25257,1
25258,1
25259,1
25260,0
25261,0
25262,0
25263,0
25264,0
25265,0
25266,1
25267,0
25268,0
25269,1
25270,1
25271,0
25272,0
25273,0
25274,0
25275,0
25276,0
25277,0
25278,0
25279,0
25280,0
25281,0
25282,1
25283,0
25284,0
25285,0
25286,0
25287,0
25288,0
25289,0
25290,0
25291,0
25292,0
25293,1
25294,0
25295,0
25296,0
25297,1
25298,0
25299,0
25300,0
25301,0
25302,1
25303,0
25304,0
25305,0
25306,0
25307,0
25308,1
25309,1
25310,0
25311,0
25312,1
25313,1
25314,0
25315,1
25316,0
25317,1
25318,1
25319,0
25320,0
25321,1
25322,0
25323,0
25324,0
25325,0
25326,1
25327,0
25328,0
25329,1
25330,0
25331,0
25332,0
25333,0
25334,1
25335,1
25336,1
25337,0
25338,0
25339,1
25340,0
25341,0
25342,0
25343,0
25344,0
25345,0
25346,0
25347,0
25348,0
25349,0
25350,1
25351,0
25352,0
25353,0
25354,0
25355,0
25356,0
25357,0
25358,0
25359,0
25360,0
25361,1
25362,0
25363,0
25364,0
25365,0
25366,1
25367,0
25368,0
25369,0
25370,0
25371,0
25372,0
25373,0
25374,0
25375,0
25376,1
25377,0
25378,0
25379,0
25380,0
25381,0
25382,0
25383,0
25384,0
25385,0
25386,0
25387,0
25388,1
25389,1
25390,0
25391,0
25392,0
25393,1
25394,0
25395,1
25396,0
25397,0
25398,0
25399,0
25400,0
25401,0
25402,0
25403,0
25404,0
25405,0
25406,1
25407,0
25408,0
25409,0
25410,0
25411,0
25412,0
25413,1
25414,0
25415,1
25416,0
25417,1
25418,0
25419,0
25420,0
25421,0
25422,0
25423,0
25424,0
25425,0
25426,0
25427,1
25428,0
25429,0
25430,1
25431,0
25432,0
25433,0
25434,0
25435,1
25436,0
25437,0
25438,0
25439,0
25440,0
25441,0
25442,0
25443,0
25444,0
25445,0
25446,0
25447,0
25448,0
25449,1
25450,0
25451,1
25452,0
25453,0
25454,0
25455,0
25456,0
25457,0
25458,1
25459,0
25460,0
25461,0
25462,0
25463,1
25464,1
25465,0
25466,1
25467,0
25468,1
25469,0
25470,0
25471,0
25472,0
25473,0
25474,0
25475,0
25476,0
25477,1
25478,0
25479,0
25480,0
25481,0
25482,0
25483,0
25484,0
25485,1
25486,0
25487,1
25488,0
25489,1
25490,0
25491,1
25492,0
25493,1
25494,0
25495,0
25496,0
25497,0
25498,0
25499,0
25500,0
25501,1
25502,1
25503,0
25504,0
25505,1
25506,0
25507,1
25508,1
25509,0
25510,0
25511,0
25512,0
25513,0
25514,1
25515,0
25516,0
25517,1
25518,1
25519,0
25520,0
25521,0
25522,0
25523,0
25524,0
25525,0
25526,0
25527,0
25528,0
25529,0
25530,0
25531,0
25532,0
25533,0
25534,0
25535,1
25536,1
25537,0
25538,0
25539,0
25540,0
25541,1
25542,0
25543,0
25544,1
25545,0
25546,0
25547,0
25548,0
25549,1
25550,0
25551,0
25552,0
25553,0
25554,0
25555,0
25556,1
25557,0
25558,0
25559,1
25560,1
25561,0
25562,0
25563,0
25564,0
25565,0
25566,0
25567,0
25568,0
25569,1
25570,1
25571,0
25572,0
25573,0
25574,0
25575,0
25576,1
25577,0
25578,0
25579,0
25580,1
25581,1
25582,0
25583,0
25584,0
25585,0
25586,0
25587,1
25588,0
25589,0
25590,0
25591,1
25592,0
25593,0
25594,1
25595,0
25596,0
25597,1
25598,0
25599,1
25600,0
25601,1
25602,1
25603,0
25604,0
25605,0
25606,0
25607,0
25608,1
25609,0
25610,0
25611,0
25612,0
25613,1
25614,0
25615,0
25616,0
25617,0
25618,0
25619,0
25620,0
25621,0
25622,0
25623,1
25624,1
25625,0
25626,0
25627,0
25628,0
25629,0
25630,1
25631,0
25632,1
25633,0
25634,0
25635,0
25636,0
25637,0
25638,1
25639,0
25640,0
25641,1
25642,0
25643,0
25644,0
25645,0
25646,0
25647,0
25648,0
25649,0
25650,0
25651,0
25652,1
25653,0
25654,0
25655,0
25656,1
25657,0
25658,0
25659,0
25660,1
25661,0
25662,0
25663,0
25664,0
25665,0
25666,0
25667,0
25668,0
25669,0
25670,0
25671,0
25672,0
25673,0
25674,0
25675,0
25676,0
25677,0
25678,0
25679,0
25680,1
25681,0
25682,0
25683,0
25684,1
25685,0
25686,0
25687,0
25688,1
25689,0
25690,0
25691,0
25692,0
25693,0
25694,1
25695,1
25696,0
25697,0
25698,0
25699,1
25700,0
25701,1
25702,0
25703,1
25704,0
25705,0
25706,0
25707,0
25708,0
25709,1
25710,0
25711,0
25712,0
25713,0
25714,0
25715,0
25716,0
25717,0
25718,1
25719,0
25720,0
25721,0
25722,1
25723,0
25724,1
25725,0
25726,0
25727,0
25728,0
25729,0
25730,1
25731,1
25732,0
25733,1
25734,0
25735,0
25736,0
25737,1
25738,0
25739,0
25740,1
25741,1
25742,1
25743,0
25744,0
25745,0
25746,0
25747,1
25748,1
25749,0
25750,0
25751,0
25752,0
25753,0
25754,0
25755,0
25756,1
25757,0
25758,0
25759,0
25760,0
25761,0
25762,0
25763,1
25764,0
25765,1
25766,0
25767,0
25768,0
25769,0
25770,0
25771,1
25772,1
25773,0
25774,0
25775,0
25776,1
25777,0
25778,1
25779,0
25780,0
25781,0
25782,0
25783,0
25784,1
25785,0
25786,0
25787,1
25788,0
25789,0
25790,0
25791,0
25792,0
25793,0
25794,0
25795,0
25796,0
25797,0
25798,0
25799,0
25800,0
25801,0
25802,0
25803,0
25804,0
25805,1
25806,0
25807,0
25808,1
25809,1
25810,1
25811,0
25812,0
25813,0
25814,0
25815,1
25816,1
25817,1
25818,0
25819,1
25820,0
25821,0
25822,0
25823,0
25824,0
25825,0
25826,0
25827,0
25828,0
25829,0
25830,0
25831,1
25832,1
25833,1
25834,0
25835,0
25836,0
25837,1
25838,0
25839,0
25840,0
25841,0
25842,0
25843,1
25844,0
25845,0
25846,0
25847,0
25848,1
25849,0
25850,0
25851,0
25852,1
25853,0
25854,0
25855,0
25856,1
25857,0
25858,1
25859,0
25860,0
25861,0
25862,0
25863,0
25864,0
25865,1
25866,0
25867,0
25868,1
25869,0
25870,1
25871,0
25872,0
25873,0
25874,0
25875,1
25876,0
25877,0
25878,1
25879,0
25880,0
25881,0
25882,1
25883,0
25884,0
25885,0
25886,0
25887,0
25888,0
25889,0
25890,1
25891,0
25892,0
25893,1
25894,0
25895,1
25896,0
25897,0
25898,0
25899,0
25900,0
25901,0
25902,0
25903,0
25904,0
25905,0
25906,0
25907,0
25908,0
25909,1
25910,0
25911,0
25912,0
25913,0
25914,0
25915,0
25916,0
25917,0
25918,0
25919,1
25920,0
25921,0
25922,0
25923,0
25924,0
25925,0
25926,0
25927,0
25928,0
25929,0
25930,0
25931,0
25932,0
25933,1
25934,0
25935,0
25936,0
25937,0
25938,0
25939,0
25940,0
25941,0
25942,0
25943,0
25944,0
25945,1
25946,1
25947,0
25948,0
25949,0
25950,0
25951,1
25952,1
25953,0
25954,0
25955,0
25956,1
25957,0
25958,0
25959,0
25960,1
25961,1
25962,0
25963,0
25964,1
25965,0
25966,0
25967,0
25968,0
25969,0
25970,1
25971,0
25972,0
25973,0
25974,0
25975,0
25976,1
25977,0
25978,1
25979,0
25980,0
25981,1
25982,0
25983,0
25984,0
25985,0
25986,0
25987,0
25988,0
25989,0
25990,0
25991,1
25992,1
25993,0
25994,0
25995,0
25996,0
25997,0
25998,0
25999,1
26000,0
26001,0
26002,0
26003,0
26004,0
26005,0
26006,0
26007,0
26008,1
26009,1
26010,0
26011,1
26012,0
26013,0
26014,0
26015,0
26016,1
26017,0
26018,0
26019,1
26020,0
26021,0
26022,0
26023,0
26024,0
26025,1
26026,0
26027,0
26028,0
26029,0
26030,0
26031,0
26032,0
26033,0
26034,0
26035,0
26036,0
26037,0
26038,1
26039,0
26040,1
26041,0
26042,0
26043,0
26044,1
26045,1
26046,0
26047,1
26048,0
26049,1
26050,0
26051,0
26052,0
26053,0
26054,1
26055,0
26056,0
26057,1
26058,1
26059,0
26060,0
26061,0
26062,0
26063,0
26064,0
26065,1
26066,0
26067,0
26068,1
26069,0
26070,1
26071,0
26072,0
26073,0
26074,1
26075,0
26076,0
26077,0
26078,0
26079,1
26080,0
26081,0
26082,0
26083,1
26084,0
26085,0
26086,0
26087,0
26088,0
26089,1
26090,0
26091,1
26092,1
26093,0
26094,0
26095,1
26096,0
26097,0
26098,0
26099,0
26100,0
26101,1
26102,0
26103,1
26104,1
26105,0
26106,0
26107,0
26108,0
26109,1
26110,0
26111,0
26112,1
26113,0
26114,1
26115,0
26116,0
26117,0
26118,1
26119,0
26120,0
26121,0
26122,0
26123,0
26124,0
26125,0
26126,0
26127,0
26128,0
26129,0
26130,1
26131,0
26132,0
26133,1
26134,1
26135,0
26136,1
26137,1
26138,0
26139,0
26140,0
26141,1
26142,1
26143,0
26144,0
26145,0
26146,0
26147,1
26148,0
26149,0
26150,1
26151,0
26152,0
26153,0
26154,1
26155,0
26156,0
26157,0
26158,1
26159,0
26160,0
26161,0
26162,0
26163,0
26164,0
26165,0
26166,0
26167,0
26168,0
26169,0
26170,0
26171,0
26172,0
26173,1
26174,1
26175,0
26176,0
26177,1
26178,0
26179,0
26180,0
26181,1
26182,0
26183,0
26184,0
26185,0
26186,0
26187,1
26188,0
26189,0
26190,0
26191,0
26192,1
26193,1
26194,0
26195,1
26196,0
26197,1
26198,0
26199,0
26200,0
26201,0
26202,0
26203,0
26204,0
26205,0
26206,1
26207,0
26208,0
26209,0
26210,0
26211,1
26212,1
26213,0
26214,0
26215,0
26216,0
26217,0
26218,0
26219,0
26220,0
26221,0
26222,0
26223,0
26224,0
26225,0
26226,0
26227,0
26228,0
26229,1
26230,1
26231,0
26232,0
26233,0
26234,0
26235,0
26236,0
26237,0
26238,1
26239,0
26240,0
26241,0
26242,0
26243,0
26244,0
26245,1
26246,0
26247,0
26248,1
26249,0
26250,0
26251,0
26252,0
26253,0
26254,0
26255,0
26256,0
26257,0
26258,1
26259,1
26260,0
26261,0
26262,0
26263,0
26264,1
26265,1
26266,1
26267,0
26268,0
26269,0
26270,0
26271,0
26272,1
26273,0
26274,1
26275,0
26276,0
26277,0
26278,0
26279,0
26280,0
26281,0
26282,1
26283,0
26284,0
26285,1
26286,0
26287,1
26288,0
26289,1
26290,0
26291,0
26292,0
26293,0
26294,0
26295,0
26296,0
26297,0
26298,0
26299,0
26300,0
26301,0
26302,0
26303,0
26304,0
26305,0
26306,0
26307,1
26308,0
26309,1
26310,0
26311,0
26312,0
26313,0
26314,0
26315,0
26316,0
26317,0
26318,1
26319,1
26320,0
26321,0
26322,0
26323,0
26324,0
26325,0
26326,1
26327,1
26328,0
26329,0
26330,0
26331,0
26332,0
26333,0
26334,0
26335,0
26336,0
26337,0
26338,1
26339,0
26340,0
26341,0
26342,0
26343,0
26344,0
26345,0
26346,0
26347,0
26348,0
26349,0
26350,1
26351,0
26352,0
26353,0
26354,1
26355,0
26356,0
26357,1
26358,0
26359,0
26360,0
26361,0
26362,0
26363,0
26364,1
26365,0
26366,0
26367,0
26368,0
26369,0
26370,0
26371,0
26372,0
26373,1
26374,1
26375,0
26376,0
26377,0
26378,0
26379,0
26380,0
26381,0
26382,1
26383,0
26384,0
26385,0
26386,1
26387,0
26388,0
26389,0
26390,1
26391,0
26392,1
26393,0
26394,1
26395,0
26396,0
26397,0
26398,0
26399,0
26400,0
26401,1
26402,1
26403,0
26404,0
26405,1
26406,0
26407,0
26408,0
26409,0
26410,1
26411,0
26412,0
26413,0
26414,0
26415,0
26416,0
26417,0
26418,0
26419,0
26420,0
26421,0
26422,0
26423,0
26424,0
26425,0
26426,0
26427,0
26428,0
26429,0
26430,1
26431,0
26432,1
26433,0
26434,0
26435,0
26436,0
26437,0
26438,0
26439,0
26440,1
26441,1
26442,0
26443,1
26444,1
26445,1
26446,0
26447,0
26448,0
26449,0
26450,0
26451,0
26452,0
26453,1
26454,0
26455,0
26456,1
26457,1
26458,0
26459,1
26460,0
26461,1
26462,1
26463,1
26464,0
26465,0
26466,1
26467,0
26468,0
26469,0
26470,1
26471,0
26472,0
26473,1
26474,0
26475,1
26476,1
26477,0
26478,0
26479,1
26480,0
26481,1
26482,0
26483,0
26484,0
26485,0
26486,0
26487,0
26488,1
26489,1
26490,0
26491,0
26492,0
26493,1
26494,0
26495,1
26496,0
26497,0
26498,0
26499,0
26500,1
26501,1
26502,0
26503,0
26504,0
26505,0
26506,0
26507,1
26508,0
26509,0
26510,0
26511,0
26512,1
26513,0
26514,0
26515,0
26516,0
26517,1
26518,0
26519,0
26520,1
26521,0
26522,0
26523,0
26524,1
26525,1
26526,0
26527,1
26528,1
26529,0
26530,0
26531,0
26532,0
26533,0
26534,1
26535,1
26536,0
26537,0
26538,0
26539,1
26540,0
26541,1
26542,0
26543,0
26544,1
26545,0
26546,0
26547,0
26548,1
26549,0
26550,0
26551,0
26552,0
26553,0
26554,0
26555,0
26556,1
26557,1
26558,0
26559,0
26560,0
26561,0
26562,1
26563,0
26564,1
26565,0
26566,0
26567,0
26568,0
26569,0
26570,0
26571,0
26572,0
26573,1
26574,1
26575,0
26576,1
26577,0
26578,0
26579,0
26580,0
26581,1
26582,1
26583,1
26584,0
26585,1
26586,0
26587,1
26588,0
26589,0
26590,0
26591,0
26592,0
26593,0
26594,1
26595,0
26596,1
26597,1
26598,1
26599,0
26600,0
26601,0
26602,1
26603,0
26604,0
26605,0
26606,0
26607,0
26608,0
26609,1
26610,1
26611,0
26612,1
26613,0
26614,1
26615,0
26616,0
26617,0
26618,0
26619,0
26620,1
26621,1
26622,0
26623,1
26624,0
26625,0
26626,1
26627,1
26628,0
26629,1
26630,0
26631,0
26632,0
26633,0
26634,0
26635,0
26636,1
26637,1
26638,0
26639,1
26640,1
26641,0
26642,1
26643,1
26644,0
26645,1
26646,1
26647,0
26648,0
26649,1
26650,1
26651,1
26652,0
26653,0
26654,1
26655,0
26656,1
26657,1
26658,0
26659,1
26660,0
26661,0
26662,0
26663,0
26664,1
26665,0
26666,1
26667,1
26668,0
26669,0
26670,0
26671,0
26672,1
26673,1
26674,0
26675,0
26676,0
26677,0
26678,0
26679,0
26680,0
26681,1
26682,0
26683,0
26684,0
26685,1
26686,0
26687,0
26688,0
26689,0
26690,0
26691,1
26692,0
26693,1
26694,0
26695,0
26696,1
26697,0
26698,0
26699,0
26700,0
26701,0
26702,1
26703,0
26704,1
26705,0
26706,0
26707,1
26708,0
26709,1
26710,1
26711,0
26712,0
26713,0
26714,0
26715,1
26716,1
26717,0
26718,0
26719,0
26720,0
26721,0
26722,0
26723,0
26724,1
26725,0
26726,0
26727,0
26728,0
26729,1
26730,0
26731,1
26732,0
26733,0
26734,0
26735,0
26736,1
26737,0
26738,0
26739,0
26740,0
26741,0
26742,0
26743,1
26744,1
26745,1
26746,0
26747,1
26748,0
26749,1
26750,0
26751,0
26752,1
26753,0
26754,0
26755,0
26756,0
26757,1
26758,0
26759,1
26760,0
26761,0
26762,1
26763,1
26764,0
26765,1
26766,0
26767,0
26768,0
26769,0
26770,0
26771,0
26772,0
26773,0
26774,0
26775,0
26776,0
26777,1
26778,0
26779,0
26780,0
26781,0
26782,0
26783,0
26784,0
26785,1
26786,1
26787,1
26788,0
26789,1
26790,0
26791,0
26792,0
26793,0
26794,1
26795,0
26796,0
26797,0
26798,0
26799,0
26800,0
26801,0
26802,0
26803,0
26804,0
26805,0
26806,0
26807,0
26808,1
26809,1
26810,0
26811,0
26812,0
26813,0
26814,1
26815,0
26816,0
26817,0
26818,0
26819,1
26820,0
26821,1
26822,0
26823,0
26824,0
26825,0
26826,0
26827,0
26828,0
26829,0
26830,0
26831,0
26832,0
26833,0
26834,0
26835,0
26836,0
26837,0
26838,0
26839,0
26840,1
26841,0
26842,0
26843,0
26844,1
26845,0
26846,0
26847,1
26848,0
26849,0
26850,0
26851,1
26852,0
26853,0
26854,0
26855,0
26856,0
26857,0
26858,0
26859,0
26860,0
26861,0
26862,1
26863,1
26864,0
26865,0
26866,0
26867,0
26868,0
26869,0
26870,0
26871,1
26872,0
26873,0
26874,0
26875,0
26876,0
26877,0
26878,1
26879,0
26880,0
26881,0
26882,0
26883,0
26884,0
26885,0
26886,0
26887,1
26888,1
26889,0
26890,0
26891,1
26892,0
26893,0
26894,0
26895,0
26896,1
26897,1
26898,0
26899,0
26900,1
26901,0
26902,0
26903,0
26904,1
26905,1
26906,1
26907,0
26908,0
26909,1
26910,0
26911,0
26912,0
26913,1
26914,0
26915,0
26916,0
26917,0
26918,0
26919,0
26920,0
26921,0
26922,0
26923,0
26924,0
26925,0
26926,0
26927,0
26928,0
26929,1
26930,1
26931,0
26932,0
26933,0
26934,0
26935,1
26936,0
26937,1
26938,0
26939,0
26940,1
26941,0
26942,0
26943,0
26944,1
26945,0
26946,0
26947,0
26948,0
26949,0
26950,1
26951,0
26952,1
26953,0
26954,0
26955,0
26956,0
26957,0
26958,0
26959,0
26960,1
26961,0
26962,1
26963,0
26964,0
26965,0
26966,1
26967,1
26968,0
26969,1
26970,0
26971,0
26972,0
26973,0
26974,1
26975,0
26976,0
26977,1
26978,1
26979,0
26980,1
26981,0
26982,1
26983,0
26984,0
26985,0
26986,0
26987,0
26988,1
26989,0
26990,0
26991,0
26992,1
26993,0
26994,0
26995,0
26996,0
26997,0
26998,0
26999,0
27000,0
27001,0
27002,0
27003,1
27004,0
27005,0
27006,1
27007,1
27008,0
27009,0
27010,0
27011,0
27012,0
27013,0
27014,0
27015,0
27016,1
27017,1
27018,0
27019,1
27020,0
27021,0
27022,1
27023,0
27024,1
27025,0
27026,0
27027,0
27028,1
27029,0
27030,0
27031,0
27032,0
27033,0
27034,0
27035,1
27036,1
27037,0
27038,0
27039,0
27040,1
27041,0
27042,0
27043,0
27044,0
27045,0
27046,0
27047,1
27048,0
27049,0
27050,1
27051,0
27052,0
27053,0
27054,0
27055,0
27056,0
27057,0
27058,0
27059,0
27060,0
27061,0
27062,0
27063,1
27064,0
27065,0
27066,0
27067,1
27068,0
27069,0
27070,1
27071,0
27072,0
27073,0
27074,0
27075,0
27076,0
27077,0
27078,0
27079,0
27080,0
27081,0
27082,1
27083,0
27084,0
27085,0
27086,0
27087,0
27088,1
27089,0
27090,1
27091,1
27092,0
27093,1
27094,1
27095,0
27096,1
27097,0
27098,1
27099,1
27100,0
27101,0
27102,0
27103,0
27104,0
27105,0
27106,1
27107,0
27108,0
27109,0
27110,0
27111,1
27112,0
27113,0
27114,1
27115,0
27116,0
27117,0
27118,0
27119,1
27120,0
27121,0
27122,0
27123,1
27124,0
27125,0
27126,0
27127,0
27128,0
27129,0
27130,1
27131,1
27132,0
27133,0
27134,0
27135,0
27136,0
27137,0
27138,1
27139,1
27140,0
27141,0
27142,0
27143,0
27144,0
27145,0
27146,0
27147,0
27148,0
27149,0
27150,0
27151,0
27152,1
27153,1
27154,1
27155,1
27156,1
27157,0
27158,0
27159,1
27160,0
27161,0
27162,0
27163,0
27164,1
27165,0
27166,0
27167,0
27168,1
27169,0
27170,0
27171,1
27172,0
27173,0
27174,1
27175,0
27176,0
27177,0
27178,0
27179,0
27180,1
27181,0
27182,0
27183,1
27184,0
27185,1
27186,0
27187,0
27188,0
27189,0
27190,0
27191,0
27192,0
27193,1
27194,0
27195,0
27196,0
27197,0
27198,0
27199,0
27200,0
27201,0
27202,0
27203,0
27204,0
27205,1
27206,0
27207,0
27208,0
27209,0
27210,0
27211,0
27212,0
27213,0
27214,0
27215,0
27216,1
27217,0
27218,0
27219,0
27220,0
27221,0
27222,0
27223,1
27224,0
27225,1
27226,0
27227,0
27228,1
27229,1
27230,1
27231,0
27232,0
27233,0
27234,0
27235,0
27236,0
27237,1
27238,1
27239,0
27240,0
27241,0
27242,0
27243,0
27244,0
27245,0
27246,1
27247,0
27248,0
27249,0
27250,1
27251,0
27252,0
27253,0
27254,0
27255,0
27256,0
27257,1
27258,0
27259,0
27260,0
27261,1
27262,0
27263,1
27264,0
27265,0
27266,0
27267,0
27268,0
27269,0
27270,0
27271,1
27272,0
27273,0
27274,0
27275,1
27276,0
27277,1
27278,0
27279,0
27280,0
27281,0
27282,1
27283,1
27284,0
27285,0
27286,0
27287,0
27288,0
27289,0
27290,0
27291,0
27292,1
27293,0
27294,0
27295,1
27296,0
27297,0
27298,0
27299,0
27300,0
27301,0
27302,1
27303,0
27304,0
27305,0
27306,0
27307,0
27308,0
27309,0
27310,0
27311,0
27312,0
27313,1
27314,1
27315,1
27316,0
27317,0
27318,1
27319,0
27320,0
27321,0
27322,0
27323,0
27324,0
27325,0
27326,0
27327,0
27328,1
27329,0
27330,0
27331,0
27332,0
27333,0
27334,0
27335,0
27336,0
27337,1
27338,1
27339,1
27340,0
27341,0
27342,0
27343,0
27344,0
27345,0
27346,0
27347,0
27348,0
27349,0
27350,0
27351,0
27352,0
27353,0
27354,0
27355,0
27356,0
27357,0
27358,0
27359,0
27360,0
27361,1
27362,0
27363,0
27364,0
27365,0
27366,1
27367,0
27368,0
27369,1
27370,0
27371,0
27372,0
27373,0
27374,0
27375,1
27376,0
27377,0
27378,1
27379,0
27380,0
27381,1
27382,0
27383,0
27384,0
27385,0
27386,0
27387,0
27388,0
27389,0
27390,0
27391,0
27392,0
27393,0
27394,0
27395,0
27396,0
27397,0
27398,0
27399,0
27400,0
27401,0
27402,0
27403,0
27404,0
27405,0
27406,1
27407,0
27408,0
27409,0
27410,0
27411,0
27412,0
27413,0
27414,1
27415,0
27416,0
27417,0
27418,0
27419,0
27420,0
27421,0
27422,1
27423,0
27424,0
27425,0
27426,0
27427,0
27428,0
27429,0
27430,0
27431,0
27432,0
27433,0
27434,0
27435,0
27436,1
27437,0
27438,1
27439,0
27440,0
27441,0
27442,0
27443,1
27444,0
27445,0
27446,1
27447,0
27448,0
27449,0
27450,1
27451,0
27452,0
27453,0
27454,1
27455,1
27456,0
27457,0
27458,0
27459,0
27460,0
27461,0
27462,0
27463,0
27464,0
27465,0
27466,0
27467,0
27468,0
27469,0
27470,0
27471,0
27472,0
27473,0
27474,0
27475,1
27476,0
27477,1
27478,0
27479,0
27480,0
27481,1
27482,1
27483,0
27484,0
27485,0
27486,0
27487,0
27488,0
27489,0
27490,0
27491,0
27492,0
27493,0
27494,0
27495,0
27496,1
27497,0
27498,0
27499,0
27500,0
27501,0
27502,0
27503,1
27504,0
27505,0
27506,0
27507,1
27508,0
27509,0
27510,0
27511,0
27512,0
27513,0
27514,0
27515,0
27516,0
27517,0
27518,0
27519,0
27520,0
27521,0
27522,0
27523,1
27524,1
27525,0
27526,0
27527,0
27528,1
27529,0
27530,0
27531,0
27532,0
27533,0
27534,0
27535,0
27536,0
27537,1
27538,0
27539,0
27540,0
27541,0
27542,0
27543,1
27544,0
27545,0
27546,0
27547,0
27548,0
27549,0
27550,0
27551,0
27552,1
27553,1
27554,1
27555,0
27556,0
27557,0
27558,0
27559,0
27560,0
27561,0
27562,0
27563,0
27564,1
27565,0
27566,0
27567,1
27568,0
27569,0
27570,1
27571,1
27572,0
27573,0
27574,0
27575,0
27576,0
27577,1
27578,0
27579,1
27580,1
27581,1
27582,0
27583,0
27584,0
27585,0
27586,1
27587,0
27588,0
27589,0
27590,1
27591,1
27592,1
27593,1
27594,0
27595,0
27596,0
27597,0
27598,0
27599,0
27600,1
27601,0
27602,0
27603,0
27604,0
27605,0
27606,0
27607,0
27608,0
27609,0
27610,0
27611,0
27612,1
27613,0
27614,0
27615,0
27616,0
27617,0
27618,0
27619,1
27620,0
27621,0
27622,0
27623,0
27624,1
27625,0
27626,0
27627,0
27628,0
27629,0
27630,1
27631,0
27632,0
27633,0
27634,0
27635,0
27636,1
27637,0
27638,0
27639,0
27640,0
27641,0
27642,1
27643,0
27644,0
27645,0
27646,0
27647,0
27648,0
27649,1
27650,0
27651,0
27652,0
27653,0
27654,1
27655,0
27656,1
27657,0
27658,0
27659,0
27660,0
27661,0
27662,0
27663,0
27664,1
27665,1
27666,0
27667,0
27668,1
27669,0
27670,1
27671,0
27672,1
27673,0
27674,1
27675,1
27676,0
27677,0
27678,0
27679,0
27680,0
27681,0
27682,1
27683,0
27684,0
27685,1
27686,1
27687,0
27688,0
27689,1
27690,0
27691,0
27692,0
27693,1
27694,1
27695,0
27696,0
27697,0
27698,0
27699,0
27700,0
27701,1
27702,1
27703,1
27704,0
27705,0
27706,0
27707,0
27708,0
27709,0
27710,1
27711,1
27712,0
27713,0
27714,1
27715,0
27716,0
27717,0
27718,1
27719,0
27720,0
27721,0
27722,0
27723,0
27724,0
27725,0
27726,1
27727,1
27728,0
27729,1
27730,0
27731,1
27732,0
27733,1
27734,0
27735,0
27736,0
27737,0
27738,0
27739,0
27740,0
27741,1
27742,0
27743,0
27744,0
27745,0
27746,0
27747,1
27748,0
27749,0
27750,0
27751,0
27752,0
27753,0
27754,1
27755,0
27756,0
27757,0
27758,0
27759,0
27760,0
27761,0
27762,1
27763,0
27764,0
27765,0
27766,0
27767,1
27768,0
27769,0
27770,0
27771,0
27772,0
27773,0
27774,0
27775,0
27776,1
27777,0
27778,1
27779,0
27780,0
27781,0
27782,0
27783,1
27784,0
27785,0
27786,0
27787,1
27788,0
27789,0
27790,0
27791,0
27792,1
27793,0
27794,0
27795,1
27796,0
27797,0
27798,0
27799,0
27800,1
27801,0
27802,1
27803,0
27804,0
27805,0
27806,0
27807,0
27808,0
27809,0
27810,0
27811,0
27812,1
27813,0
27814,0
27815,0
27816,1
27817,1
27818,0
27819,1
27820,0
27821,0
27822,0
27823,0
27824,0
27825,0
27826,0
27827,0
27828,1
27829,1
27830,0
27831,0
27832,1
27833,1
27834,0
27835,1
27836,1
27837,0
27838,0
27839,1
27840,0
27841,0
27842,0
27843,1
27844,0
27845,0
27846,0
27847,0
27848,0
27849,0
27850,1
27851,1
27852,1
27853,0
27854,0
27855,1
27856,0
27857,0
27858,0
27859,0
27860,0
27861,0
27862,0
27863,0
27864,0
27865,1
27866,1
27867,1
27868,1
27869,0
27870,0
27871,0
27872,0
27873,0
27874,1
27875,0
27876,0
27877,0
27878,0
27879,0
27880,0
27881,0
27882,0
27883,1
27884,0
27885,0
27886,0
27887,0
27888,0
27889,0
27890,0
27891,0
27892,0
27893,0
27894,0
27895,0
27896,1
27897,1
27898,0
27899,0
27900,0
27901,1
27902,0
27903,0
27904,0
27905,0
27906,0
27907,0
27908,0
27909,1
27910,0
27911,0
27912,1
27913,0
27914,0
27915,0
27916,0
27917,0
27918,0
27919,0
27920,0
27921,0
27922,0
27923,0
27924,0
27925,0
27926,0
27927,0
27928,0
27929,0
27930,0
27931,0
27932,1
27933,0
27934,0
27935,0
27936,1
27937,0
27938,0
27939,0
27940,0
27941,0
27942,0
27943,0
27944,1
27945,1
27946,0
27947,1
27948,0
27949,0
27950,0
27951,0
27952,0
27953,1
27954,0
27955,1
27956,0
27957,0
27958,1
27959,0
27960,1
27961,0
27962,0
27963,0
27964,0
27965,0
27966,0
27967,0
27968,0
27969,0
27970,0
27971,0
27972,0
27973,1
27974,0
27975,0
27976,0
27977,0
27978,0
27979,0
27980,0
27981,0
27982,0
27983,0
27984,0
27985,1
27986,1
27987,0
27988,1
27989,0
27990,1
27991,0
27992,0
27993,0
27994,1
27995,0
27996,0
27997,0
27998,0
27999,0
28000,0
28001,0
28002,0
28003,1
28004,0
28005,0
28006,0
28007,0
28008,0
28009,0
28010,0
28011,0
28012,0
28013,0
28014,0
28015,0
28016,0
28017,0
28018,0
28019,0
28020,0
28021,0
28022,0
28023,1
28024,1
28025,0
28026,0
28027,0
28028,0
28029,0
28030,0
28031,0
28032,0
28033,0
28034,0
28035,0
28036,0
28037,0
28038,0
28039,0
28040,0
28041,0
28042,0
28043,0
28044,0
28045,0
28046,0
28047,0
28048,0
28049,0
28050,0
28051,1
28052,0
28053,0
28054,0
28055,0
28056,0
28057,0
28058,0
28059,0
28060,0
28061,0
28062,0
28063,1
28064,0
28065,0
28066,1
28067,1
28068,0
28069,0
28070,0
28071,0
28072,1
28073,1
28074,0
28075,0
28076,0
28077,1
28078,0
28079,0
28080,0
28081,0
28082,0
28083,0
28084,0
28085,0
28086,0
28087,0
28088,0
28089,0
28090,0
28091,0
28092,0
28093,0
28094,1
28095,0
28096,0
28097,1
28098,0
28099,0
28100,0
28101,0
28102,0
28103,0
28104,1
28105,0
28106,0
28107,0
28108,0
28109,0
28110,0
28111,1
28112,0
28113,0
28114,0
28115,0
28116,0
28117,1
28118,1
28119,0
28120,1
28121,0
28122,0
28123,0
28124,1
28125,0
28126,1
28127,1
28128,0
28129,0
28130,0
28131,0
28132,0
28133,0
28134,1
28135,0
28136,1
28137,0
28138,0
28139,1
28140,0
28141,0
28142,0
28143,1
28144,0
28145,0
28146,0
28147,0
28148,1
28149,0
28150,0
28151,0
28152,0
28153,0
28154,0
28155,1
28156,0
28157,0
28158,0
28159,0
28160,0
28161,0
28162,1
28163,0
28164,0
28165,0
28166,0
28167,1
28168,0
28169,0
28170,0
28171,0
28172,1
28173,0
28174,0
28175,0
28176,0
28177,0
28178,1
28179,0
28180,0
28181,0
28182,0
28183,0
28184,0
28185,0
28186,0
28187,0
28188,1
28189,0
28190,0
28191,0
28192,0
28193,0
28194,0
28195,0
28196,0
28197,1
28198,0
28199,0
28200,0
28201,0
28202,0
28203,0
28204,0
28205,0
28206,0
28207,0
28208,1
28209,0
28210,0
28211,1
28212,0
28213,0
28214,0
28215,1
28216,1
28217,0
28218,0
28219,0
28220,1
28221,0
28222,0
28223,0
28224,0
28225,0
28226,0
28227,0
28228,1
28229,0
28230,0
28231,0
28232,0
28233,0
28234,0
28235,0
28236,0
28237,1
28238,1
28239,0
28240,0
28241,0
28242,0
28243,0
28244,0
28245,1
28246,0
28247,0
28248,0
28249,0
28250,0
28251,0
28252,0
28253,1
28254,0
28255,0
28256,0
28257,0
28258,1
28259,0
28260,0
28261,0
28262,0
28263,0
28264,0
28265,0
28266,0
28267,0
28268,1
28269,0
28270,0
28271,1
28272,0
28273,1
28274,1
28275,0
28276,0
28277,0
28278,0
28279,0
28280,1
28281,0
28282,0
28283,0
28284,0
28285,0
28286,0
28287,0
28288,0
28289,0
28290,0
28291,0
28292,1
28293,0
28294,0
28295,0
28296,0
28297,1
28298,0
28299,0
28300,0
28301,0
28302,0
28303,0
28304,0
28305,0
28306,0
28307,0
28308,0
28309,0
28310,0
28311,0
28312,0
28313,0
28314,0
28315,0
28316,0
28317,0
28318,0
28319,1
28320,0
28321,0
28322,0
28323,0
28324,0
28325,0
28326,0
28327,0
28328,1
28329,0
28330,1
28331,1
28332,0
28333,0
28334,1
28335,0
28336,1
28337,0
28338,1
28339,0
28340,0
28341,0
28342,0
28343,0
28344,0
28345,0
28346,0
28347,0
28348,1
28349,0
28350,0
28351,0
28352,0
28353,0
28354,0
28355,1
28356,0
28357,0
28358,0
28359,0
28360,0
28361,0
28362,1
28363,0
28364,1
28365,0
28366,0
28367,0
28368,0
28369,0
28370,0
28371,1
28372,0
28373,1
28374,0
28375,0
28376,0
28377,1
28378,0
28379,0
28380,0
28381,0
28382,1
28383,0
28384,0
28385,0
28386,0
28387,0
28388,1
28389,1
28390,0
28391,1
28392,0
28393,0
28394,0
28395,0
28396,0
28397,1
28398,0
28399,0
28400,0
28401,1
28402,0
28403,0
28404,0
28405,1
28406,0
28407,0
28408,1
28409,0
28410,0
28411,0
28412,0
28413,0
28414,1
28415,0
28416,1
28417,0
28418,0
28419,1
28420,0
28421,0
28422,0
28423,0
28424,0
28425,0
28426,0
28427,0
28428,1
28429,0
28430,0
28431,0
28432,0
28433,0
28434,0
28435,0
28436,0
28437,0
28438,0
28439,0
28440,0
28441,0
28442,0
28443,0
28444,0
28445,1
28446,0
28447,1
28448,0
28449,0
28450,1
28451,1
28452,0
28453,0
28454,0
28455,1
28456,1
28457,0
28458,0
28459,0
28460,1
28461,1
28462,0
28463,0
28464,0
28465,0
28466,0
28467,0
28468,0
28469,1
28470,0
28471,0
28472,0
28473,0
28474,0
28475,1
28476,0
28477,0
28478,1
28479,0
28480,1
28481,0
28482,0
28483,0
28484,1
28485,1
28486,0
28487,0
28488,0
28489,0
28490,0
28491,0
28492,1
28493,0
28494,0
28495,0
28496,0
28497,0
28498,0
28499,0
28500,0
28501,0
28502,0
28503,0
28504,0
28505,0
28506,0
28507,0
28508,0
28509,1
28510,1
28511,0
28512,0
28513,0
28514,0
28515,0
28516,0
28517,0
28518,0
28519,0
28520,0
28521,0
28522,0
28523,0
28524,0
28525,0
28526,1
28527,0
28528,0
28529,0
28530,0
28531,0
28532,1
28533,0
28534,0
28535,0
28536,0
28537,0
28538,0
28539,1
28540,0
28541,0
28542,0
28543,1
28544,0
28545,0
28546,0
28547,0
28548,0
28549,0
28550,0
28551,0
28552,0
28553,0
28554,0
28555,1
28556,0
28557,1
28558,0
28559,0
28560,0
28561,0
28562,0
28563,0
28564,1
28565,0
28566,0
28567,0
28568,0
28569,0
28570,1
28571,0
28572,0
28573,0
28574,0
28575,0
28576,1
28577,0
28578,1
28579,0
28580,0
28581,0
28582,0
28583,1
28584,1
28585,0
28586,1
28587,0
28588,1
28589,0
28590,0
28591,0
28592,0
28593,1
28594,0
28595,0
28596,1
28597,0
28598,1
28599,1
28600,0
28601,0
28602,0
28603,0
28604,0
28605,0
28606,0
28607,0
28608,0
28609,1
28610,0
28611,0
28612,0
28613,1
28614,0
28615,1
28616,0
28617,1
28618,0
28619,0
28620,1
28621,0
28622,0
28623,0
28624,0
28625,0
28626,0
28627,0
28628,0
28629,0
28630,0
28631,0
28632,0
28633,0
28634,1
28635,0
28636,1
28637,0
28638,0
28639,0
28640,1
28641,0
28642,0
28643,1
28644,0
28645,0
28646,0
28647,0
28648,1
28649,1
28650,1
28651,0
28652,0
28653,0
28654,0
28655,0
28656,0
28657,1
28658,0
28659,0
28660,0
28661,0
28662,1
28663,0
28664,0
28665,0
28666,0
28667,0
28668,0
28669,1
28670,0
28671,0
28672,0
28673,0
28674,0
28675,0
28676,0
28677,0
28678,1
28679,0
28680,0
28681,0
28682,1
28683,0
28684,0
28685,0
28686,0
28687,0
28688,1
28689,1
28690,0
28691,0
28692,0
28693,0
28694,1
28695,0
28696,0
28697,0
28698,0
28699,1
28700,0
28701,0
28702,0
28703,1
28704,0
28705,0
28706,0
28707,0
28708,0
28709,1
28710,0
28711,0
28712,1
28713,0
28714,0
28715,0
28716,0
28717,0
28718,1
28719,0
28720,1
28721,0
28722,1
28723,0
28724,0
28725,0
28726,0
28727,0
28728,0
28729,0
28730,0
28731,0
28732,1
28733,0
28734,0
28735,1
28736,0
28737,0
28738,0
28739,0
28740,0
28741,1
28742,1
28743,0
28744,0
28745,0
28746,0
28747,0
28748,0
28749,1
28750,0
28751,0
28752,1
28753,0
28754,1
28755,0
28756,1
28757,0
28758,0
28759,0
28760,0
28761,0
28762,0
28763,1
28764,1
28765,0
28766,0
28767,0
28768,0
28769,0
28770,0
28771,0
28772,0
28773,0
28774,0
28775,0
28776,1
28777,0
28778,0
28779,1
28780,0
28781,0
28782,0
28783,0
28784,0
28785,0
28786,0
28787,1
28788,0
28789,1
28790,1
28791,1
28792,0
28793,0
28794,1
28795,0
28796,1
28797,0
28798,1
28799,0
28800,0
28801,0
28802,0
28803,0
28804,0
28805,0
28806,0
28807,0
28808,0
28809,0
28810,0
28811,0
28812,0
28813,0
28814,1
28815,0
28816,1
28817,0
28818,0
28819,0
28820,1
28821,0
28822,0
28823,0
28824,0
28825,1
28826,0
28827,0
28828,0
28829,0
28830,1
28831,0
28832,0
28833,0
28834,0
28835,1
28836,0
28837,0
28838,0
28839,0
28840,0
28841,0
28842,0
28843,0
28844,0
28845,0
28846,0
28847,0
28848,0
28849,0
28850,0
28851,1
28852,1
28853,0
28854,0
28855,1
28856,0
28857,1
28858,0
28859,0
28860,0
28861,1
28862,0
28863,0
28864,0
28865,0
28866,0
28867,1
28868,0
28869,0
28870,0
28871,0
28872,0
28873,0
28874,0
28875,0
28876,0
28877,0
28878,1
28879,1
28880,0
28881,0
28882,0
28883,1
28884,1
28885,0
28886,0
28887,0
28888,0
28889,0
28890,0
28891,0
28892,0
28893,0
28894,1
28895,0
28896,0
28897,1
28898,1
28899,0
28900,0
28901,0
28902,0
28903,0
28904,0
28905,0
28906,0
28907,0
28908,0
28909,0
28910,0
28911,0
28912,0
28913,0
28914,0
28915,0
28916,0
28917,0
28918,0
28919,0
28920,1
28921,0
28922,0
28923,0
28924,0
28925,0
28926,0
28927,0
28928,0
28929,0
28930,0
28931,0
28932,1
28933,0
28934,0
28935,1
28936,1
28937,0
28938,1
28939,0
28940,0
28941,0
28942,0
28943,0
28944,0
28945,0
28946,0
28947,1
28948,0
28949,0
28950,1
28951,0
28952,0
28953,0
28954,0
28955,0
28956,0
28957,0
28958,1
28959,1
28960,1
28961,0
28962,0
28963,1
28964,0
28965,1
28966,0
28967,0
28968,0
28969,1
28970,1
28971,0
28972,1
28973,0
28974,0
28975,0
28976,0
28977,0
28978,0
28979,0
28980,0
28981,0
28982,0
28983,0
28984,0
28985,0
28986,0
28987,0
28988,0
28989,0
28990,0
28991,0
28992,0
28993,0
28994,0
28995,0
28996,0
28997,0
28998,0
28999,0
29000,0
29001,0
29002,1
29003,0
29004,0
29005,0
29006,0
29007,0
29008,0
29009,1
29010,0
29011,0
29012,0
29013,0
29014,0
29015,0
29016,0
29017,0
29018,0
29019,0
29020,0
29021,0
29022,1
29023,0
29024,1
29025,0
29026,0
29027,0
29028,0
29029,0
29030,0
29031,0
29032,0
29033,0
29034,0
29035,1
29036,0
29037,0
29038,1
29039,0
29040,1
29041,0
29042,0
29043,1
29044,0
29045,0
29046,0
29047,0
29048,0
29049,0
29050,0
29051,0
29052,0
29053,0
29054,0
29055,1
29056,0
29057,0
29058,1
29059,1
29060,0
29061,0
29062,1
29063,0
29064,0
29065,0
29066,0
29067,0
29068,1
29069,0
29070,1
29071,0
29072,0
29073,0
29074,1
29075,0
29076,0
29077,0
29078,0
29079,1
29080,1
29081,0
29082,1
29083,0
29084,0
29085,0
29086,0
29087,1
29088,0
29089,0
29090,0
29091,0
29092,0
29093,1
29094,1
29095,1
29096,0
29097,0
29098,1
29099,0
29100,0
29101,0
29102,0
29103,0
29104,0
29105,0
29106,0
29107,1
29108,0
29109,0
29110,0
29111,1
29112,1
29113,0
29114,1
29115,0
29116,0
29117,1
29118,0
29119,0
29120,0
29121,0
29122,1
29123,0
29124,1
29125,0
29126,1
29127,1
29128,0
29129,0
29130,0
29131,0
29132,0
29133,1
29134,1
29135,0
29136,0
29137,0
29138,1
29139,0
29140,1
29141,0
29142,0
29143,0
29144,0
29145,0
29146,1
29147,1
29148,0
29149,0
29150,1
29151,0
29152,0
29153,0
29154,0
29155,1
29156,0
29157,1
29158,0
29159,0
29160,0
29161,0
29162,0
29163,0
29164,0
29165,1
29166,0
29167,0
29168,0
29169,0
29170,0
29171,0
29172,0
29173,0
29174,0
29175,0
29176,0
29177,1
29178,1
29179,0
29180,0
29181,0
29182,0
29183,0
29184,0
29185,1
29186,0
29187,1
29188,0
29189,0
29190,0
29191,0
29192,0
29193,0
29194,0
29195,0
29196,0
29197,0
29198,0
29199,0
29200,0
29201,0
29202,0
29203,0
29204,0
29205,1
29206,0
29207,1
29208,1
29209,0
29210,0
29211,0
29212,1
29213,0
29214,0
29215,1
29216,0
29217,1
29218,1
29219,0
29220,0
29221,0
29222,0
29223,0
29224,0
29225,0
29226,0
29227,0
29228,0
29229,1
29230,0
29231,0
29232,0
29233,1
29234,1
29235,1
29236,1
29237,0
29238,0
29239,0
29240,0
29241,0
29242,0
29243,1
29244,1
29245,0
29246,0
29247,0
29248,0
29249,0
29250,0
29251,0
29252,0
29253,0
29254,0
29255,0
29256,0
29257,0
29258,0
29259,1
29260,0
29261,0
29262,0
29263,0
29264,0
29265,0
29266,0
29267,1
29268,0
29269,1
29270,0
29271,1
29272,0
29273,0
29274,0
29275,0
29276,0
29277,0
29278,1
29279,0
29280,0
29281,1
29282,0
29283,0
29284,0
29285,0
29286,0
29287,0
29288,0
29289,1
29290,1
29291,0
29292,0
29293,0
29294,0
29295,1
29296,0
29297,0
29298,0
29299,0
29300,1
29301,0
29302,0
29303,0
29304,0
29305,0
29306,1
29307,0
29308,1
29309,0
29310,0
29311,1
29312,0
29313,0
29314,0
29315,0
29316,1
29317,0
29318,0
29319,0
29320,1
29321,0
29322,0
29323,0
29324,0
29325,1
29326,0
29327,0
29328,0
29329,1
29330,0
29331,0
29332,0
29333,0
29334,0
29335,0
29336,0
29337,0
29338,1
29339,1
29340,0
29341,0
29342,0
29343,0
29344,1
29345,0
29346,0
29347,1
29348,0
29349,0
29350,0
29351,0
29352,0
29353,0
29354,0
29355,0
29356,0
29357,0
29358,1
29359,1
29360,0
29361,0
29362,0
29363,0
29364,0
29365,0
29366,0
29367,0
29368,1
29369,0
29370,0
29371,0
29372,1
29373,0
29374,0
29375,1
29376,0
29377,1
29378,0
29379,0
29380,0
29381,1
29382,1
29383,0
29384,0
29385,0
29386,0
29387,0
29388,1
29389,1
29390,0
29391,0
29392,0
29393,0
29394,0
29395,0
29396,0
29397,0
29398,0
29399,0
29400,0
29401,0
29402,1
29403,0
29404,0
29405,1
29406,0
29407,0
29408,1
29409,0
29410,0
29411,0
29412,0
29413,0
29414,1
29415,0
29416,0
29417,0
29418,1
29419,0
29420,0
29421,0
29422,0
29423,0
29424,0
29425,0
29426,0
29427,1
29428,0
29429,0
29430,1
29431,0
29432,0
29433,1
29434,0
29435,0
29436,0
29437,0
29438,0
29439,1
29440,0
29441,0
29442,1
29443,0
29444,0
29445,0
29446,0
29447,0
29448,1
29449,0
29450,0
29451,0
29452,0
29453,0
29454,0
29455,0
29456,0
29457,1
29458,0
29459,0
29460,0
29461,0
29462,0
29463,0
29464,0
29465,1
29466,0
29467,0
29468,0
29469,0
29470,0
29471,0
29472,0
29473,0
29474,0
29475,0
29476,0
29477,0
29478,0
29479,0
29480,0
29481,1
29482,0
29483,0
29484,0
29485,0
29486,0
29487,0
29488,1
29489,1
29490,1
29491,0
29492,1
29493,0
29494,0
29495,0
29496,0
29497,0
29498,0
29499,0
29500,0
29501,0
29502,0
29503,0
29504,0
29505,1
29506,0
29507,0
29508,1
29509,0
29510,1
29511,0
29512,0
29513,0
29514,1
29515,0
29516,0
29517,0
29518,0
29519,0
29520,1
29521,0
29522,0
29523,0
29524,0
29525,0
29526,1
29527,0
29528,0
29529,0
29530,1
29531,0
29532,1
29533,0
29534,0
29535,0
29536,0
29537,0
29538,1
29539,0
29540,0
29541,0
29542,1
29543,1
29544,0
29545,0
29546,1
29547,0
29548,0
29549,0
29550,0
29551,0
29552,1
29553,0
29554,0
29555,0
29556,0
29557,0
29558,0
29559,0
29560,0
29561,1
29562,0
29563,0
29564,0
29565,0
29566,0
29567,0
29568,1
29569,0
29570,0
29571,1
29572,1
29573,0
29574,0
29575,0
29576,0
29577,0
29578,0
29579,1
29580,0
29581,0
29582,0
29583,0
29584,0
29585,0
29586,0
29587,0
29588,0
29589,0
29590,0
29591,0
29592,1
29593,0
29594,1
29595,0
29596,0
29597,1
29598,0
29599,0
29600,0
29601,1
29602,1
29603,0
29604,0
29605,0
29606,0
29607,0
29608,0
29609,0
29610,0
29611,0
29612,0
29613,0
29614,1
29615,0
29616,0
29617,0
29618,0
29619,0
29620,1
29621,0
29622,0
29623,1
29624,0
29625,0
29626,0
29627,0
29628,0
29629,1
29630,0
29631,0
29632,0
29633,0
29634,1
29635,0
29636,0
29637,1
29638,0
29639,0
29640,0
29641,0
29642,0
29643,0
29644,0
29645,0
29646,0
29647,0
29648,1
29649,0
29650,0
29651,0
29652,0
29653,0
29654,0
29655,0
29656,0
29657,0
29658,0
29659,0
29660,0
29661,0
29662,1
29663,0
29664,0
29665,0
29666,1
29667,1
29668,1
29669,0
29670,0
29671,0
29672,0
29673,0
29674,0
29675,0
29676,0
29677,0
29678,0
29679,0
29680,0
29681,0
29682,1
29683,0
29684,0
29685,0
29686,0
29687,0
29688,0
29689,0
29690,0
29691,0
29692,0
29693,1
29694,0
29695,0
29696,0
29697,0
29698,0
29699,0
29700,0
29701,0
29702,1
29703,0
29704,0
29705,1
29706,0
29707,0
29708,0
29709,1
29710,0
29711,0
29712,0
29713,0
29714,0
29715,0
29716,0
29717,0
29718,1
29719,0
29720,0
29721,1
29722,0
29723,0
29724,0
29725,0
29726,0
29727,0
29728,1
29729,0
29730,0
29731,0
29732,1
29733,0
29734,0
29735,0
29736,0
29737,1
29738,1
29739,0
29740,1
29741,0
29742,0
29743,0
29744,1
29745,1
29746,0
29747,0
29748,0
29749,0
29750,0
29751,1
29752,0
29753,0
29754,0
29755,0
29756,0
29757,0
29758,0
29759,0
29760,0
29761,0
29762,0
29763,0
29764,1
29765,1
29766,0
29767,0
29768,0
29769,1
29770,0
29771,0
29772,0
29773,0
29774,0
29775,0
29776,0
29777,0
29778,0
29779,1
29780,1
29781,0
29782,1
29783,0
29784,0
29785,1
29786,0
29787,0
29788,1
29789,1
29790,0
29791,0
29792,0
29793,1
29794,0
29795,0
29796,0
29797,0
29798,0
29799,0
29800,0
29801,1
29802,0
29803,1
29804,1
29805,0
29806,0
29807,0
29808,0
29809,1
29810,0
29811,1
29812,0
29813,1
29814,1
29815,0
29816,0
29817,0
29818,1
29819,0
29820,1
29821,0
29822,1
29823,1
29824,0
29825,0
29826,0
29827,0
29828,0
29829,0
29830,0
29831,0
29832,0
29833,0
29834,0
29835,1
29836,1
29837,0
29838,0
29839,1
29840,0
29841,0
29842,1
29843,0
29844,0
29845,1
29846,0
29847,0
29848,0
29849,0
29850,0
29851,0
29852,0
29853,0
29854,0
29855,1
29856,0
29857,0
29858,0
29859,0
29860,0
29861,0
29862,0
29863,0
29864,1
29865,0
29866,0
29867,0
29868,0
29869,0
29870,0
29871,0
29872,0
29873,0
29874,0
29875,0
29876,0
29877,0
29878,0
29879,0
29880,1
29881,0
29882,0
29883,0
29884,0
29885,0
29886,0
29887,0
29888,0
29889,1
29890,0
29891,0
29892,0
29893,1
29894,0
29895,0
29896,0
29897,0
29898,1
29899,1
29900,1
29901,0
29902,1
29903,0
29904,1
29905,0
29906,1
29907,0
29908,0
29909,0
29910,1
29911,1
29912,0
29913,1
29914,1
29915,0
29916,0
29917,0
29918,0
29919,0
29920,1
29921,0
29922,0
29923,0
29924,0
29925,0
29926,0
29927,0
29928,0
29929,0
29930,0
29931,0
29932,1
29933,0
29934,1
29935,0
29936,0
29937,1
29938,0
29939,0
29940,0
29941,0
29942,0
29943,1
29944,1
29945,1
29946,0
29947,0
29948,0
29949,0
29950,0
29951,0
29952,0
29953,0
29954,0
29955,0
29956,0
29957,0
29958,1
29959,0
29960,1
29961,0
29962,0
29963,0
29964,0
29965,0
29966,1
29967,1
29968,1
29969,1
29970,1
29971,0
29972,0
29973,0
29974,1
29975,0
29976,0
29977,0
29978,0
29979,0
29980,0
29981,0
29982,0
29983,0
29984,0
29985,0
29986,1
29987,0
29988,0
29989,0
29990,0
29991,0
29992,1
29993,0
29994,1
29995,0
29996,1
29997,0
29998,0
29999,1
30000,1
